GID,Pattern1,Pattern2,Pattern3
1,1.0344337224960327,0.39615708589553833,0.7592126131057739
2,0.7382586002349854,0.4648021459579468,0.9385714530944824
3,0.4044473171234131,0.8053233623504639,0.3700779378414154
4,7.389856182271615e-05,0.7406430840492249,0.5931430459022522
5,0.8067116141319275,0.4558221697807312,0.10427644103765488
6,0.8555164337158203,0.5232788324356079,0.5915877819061279
7,0.07322738319635391,0.005546565167605877,4.412733554840088
8,1.0203105211257935,0.29820716381073,0.18036645650863647
9,0.9198172688484192,0.4656198024749756,0.5563326478004456
10,0.8062795996665955,0.4576248228549957,1.5850228071212769
11,0.34023720026016235,0.5725728869438171,0.324374794960022
12,1.142320990562439,0.3922964334487915,0.8354543447494507
13,0.19525401294231415,0.6029831171035767,1.638882040977478
14,0.9066252112388611,0.5355908274650574,0.0049454038962721825
15,0.7891971468925476,0.5704256296157837,0.6378561854362488
16,1.342248558998108,0.3968169391155243,0.4868945777416229
17,0.05009712651371956,0.5750598311424255,0.4229485094547272
18,2.335531234741211,0.40850090980529785,8.856517524691299e-05
19,0.8113113045692444,0.673564612865448,0.5293956995010376
20,0.4231750965118408,0.6811882853507996,0.02542261965572834
21,0.9318907260894775,0.3530316650867462,0.4412844479084015
22,0.09171139448881149,0.6767188310623169,1.041147232055664
23,0.9123504161834717,0.6321784257888794,0.00020648038480430841
24,1.107038140296936,0.6605771780014038,0.0008661622414365411
25,1.8504480123519897,0.3830288350582123,0.28113460540771484
26,0.6833431124687195,0.5821343660354614,0.21932166814804077
27,0.9014275074005127,0.23954135179519653,0.939301073551178
28,0.8604171276092529,0.4651765823364258,0.42366838455200195
29,0.5234664082527161,0.5831812024116516,0.7976241707801819
30,0.7110495567321777,0.804193913936615,0.01703914813697338
31,2.3461105823516846,0.0003195985627826303,0.8869651556015015
32,0.7266764640808105,0.720318078994751,0.8438950777053833
33,1.7632811069488525,0.456569105386734,0.48774799704551697
34,0.7858110070228577,0.2993241846561432,2.1822221279144287
35,0.18560510873794556,0.6083292365074158,0.9513871669769287
36,2.9181370735168457,0.0002749514242168516,0.3743603825569153
37,0.4041288197040558,0.5070992708206177,0.9954077005386353
38,0.8224326968193054,0.6392133831977844,0.10637924075126648
39,0.874355673789978,0.40526971220970154,0.8920908570289612
40,2.3209822177886963,0.0005152873345650733,0.6518083214759827
41,0.72743821144104,0.32786402106285095,0.8307045102119446
42,0.0021685592364519835,0.4667341411113739,1.363242268562317
43,0.0,0.9792360067367554,0.8837110996246338
44,1.5019537210464478,0.3458510637283325,0.47898340225219727
45,0.019286198541522026,0.7489194869995117,1.318080186843872
46,3.4306387901306152,0.0002520832931622863,0.029825706034898758
47,0.033641695976257324,0.7032005786895752,1.0192221403121948
48,0.473442405462265,0.6611397862434387,0.054471757262945175
49,0.8553744554519653,0.7015326619148254,0.030606698244810104
50,2.2216851711273193,0.23584264516830444,0.4488040804862976
51,0.43510904908180237,0.5996245741844177,2.0114502906799316
52,0.6258596181869507,0.5159267783164978,1.6194238662719727
53,0.006239615380764008,0.46421483159065247,0.9689612984657288
54,1.2201619148254395,0.2963387668132782,0.03237714245915413
55,1.384332299232483,0.25384196639060974,0.534722089767456
56,0.5591632127761841,0.46129047870635986,0.4068564772605896
57,1.1904603242874146,0.52774578332901,0.025972502306103706
58,0.8771723508834839,0.5373009443283081,0.2986874282360077
59,0.039061736315488815,0.627846896648407,2.0285348892211914
60,0.8510840535163879,0.2317725270986557,0.8881877660751343
61,0.8244113922119141,0.41247591376304626,0.7999303936958313
62,2.06712007522583,0.1443331241607666,0.672329306602478
63,0.7655218839645386,0.6340879201889038,0.5604382157325745
64,0.3567637801170349,0.5892101526260376,0.7636092305183411
65,0.8859038949012756,0.4248645305633545,0.8437074422836304
66,0.08052624762058258,0.7693498730659485,0.018146606162190437
67,1.3116419315338135,0.08541814237833023,0.3768787980079651
68,0.43588656187057495,0.8281859159469604,0.06639012694358826
69,0.9407572150230408,0.6468024849891663,0.02029222808778286
70,0.7315548062324524,0.3068057894706726,0.7974883317947388
71,0.5382813215255737,0.8048036694526672,0.6220943927764893
72,0.004195777233690023,0.6676222681999207,0.7031959295272827
73,0.9585878849029541,0.23930314183235168,1.8781129121780396
74,0.0023204651661217213,1.0265257358551025,0.07519558072090149
75,0.16370530426502228,0.760898768901825,0.6887405514717102
76,0.004548551049083471,0.7731459736824036,0.4404850900173187
77,0.021329686045646667,0.6278287172317505,0.71509850025177
78,9.879165736492723e-05,0.21710869669914246,3.3782780170440674
79,2.6869101524353027,0.003963914234191179,1.5318025350570679
80,0.21942588686943054,0.7510689496994019,0.49379071593284607
81,0.1360851675271988,0.5542759299278259,1.4684268236160278
82,0.11203350126743317,0.8677032589912415,0.8225525617599487
83,1.2797378301620483,0.4575665593147278,0.0006204280070960522
84,0.9193108081817627,0.1001206710934639,0.9738214612007141
85,1.4457850456237793,0.00016843792400322855,2.9359869956970215
86,0.0006291288882493973,0.5265069603919983,0.7001034021377563
87,3.0794944763183594,0.0004191788611933589,0.184271439909935
88,0.457268625497818,0.36038899421691895,0.3616051971912384
89,0.40946605801582336,0.5707919597625732,1.9353673458099365
90,2.648057222366333,0.20625506341457367,0.04644037410616875
91,0.006581450812518597,0.6938274502754211,0.966831386089325
92,1.8273611068725586,0.04988272115588188,0.06715723127126694
93,0.8549348711967468,0.2501121163368225,0.03709336742758751
94,0.644297182559967,0.5639205574989319,0.48406586050987244
95,0.0015368652530014515,0.772041916847229,1.051115870475769
96,0.6391319632530212,0.043721459805965424,2.622774839401245
97,1.5329760313034058,0.2383001446723938,0.5707048177719116
98,1.8713394403457642,0.6171902418136597,0.00044079922372475266
99,0.2788742184638977,0.6908879280090332,0.44241032004356384
100,0.5154048800468445,0.6065179109573364,0.024433691054582596
101,1.7434990406036377,0.022566813975572586,0.11647578328847885
102,0.009824994020164013,0.7760463356971741,0.7876668572425842
103,0.011358953081071377,0.7051649689674377,0.7952487468719482
104,0.1958312839269638,0.6564407348632812,0.3948732316493988
105,0.3197433054447174,0.42697346210479736,0.9505376219749451
106,0.09583474695682526,0.8314926028251648,0.3838718831539154
107,0.9927904605865479,0.2117999643087387,0.707811713218689
108,0.4107135534286499,0.6660599112510681,0.25977465510368347
109,0.13369238376617432,0.6286076903343201,1.1320626735687256
110,0.6791672110557556,0.0498257540166378,3.5856776237487793
111,0.6910045742988586,0.6512044072151184,0.8557308316230774
112,0.8847208023071289,0.34619173407554626,0.828340470790863
113,0.7694732546806335,0.8529406189918518,0.26561111211776733
114,1.1683213710784912,0.44835004210472107,0.7244148850440979
115,1.4815804958343506,0.07267026603221893,0.3815714418888092
116,0.2099522352218628,0.5498366951942444,0.9974998235702515
117,0.6790494322776794,0.4317360520362854,1.4799931049346924
118,0.9168471693992615,0.6198205351829529,0.7161509394645691
119,0.45965376496315,0.6639490127563477,0.4985696077346802
120,0.9288137555122375,9.065558697329834e-05,2.0195207595825195
121,3.1424221992492676,0.0010901156347244978,0.2874614894390106
122,1.0220552682876587,0.6524981260299683,0.02586148865520954
123,0.0014220786979421973,0.8480201363563538,1.0830435752868652
124,2.4098570346832275,0.3328709006309509,0.3269275724887848
125,0.0013944600941613317,0.6540188789367676,0.8468255996704102
126,0.011926244013011456,0.6803284287452698,1.0305452346801758
127,0.8249471783638,0.3813595175743103,1.0273796319961548
128,1.4229164123535156,0.15658871829509735,1.3281553983688354
129,0.350755900144577,0.7291234731674194,0.04873237758874893
130,0.6121866106987,0.2663623094558716,0.3248332440853119
131,0.917229175567627,0.7401589155197144,0.003629990154877305
132,0.8377731442451477,0.12310174107551575,2.059610605239868
133,0.8385621905326843,0.6592119336128235,0.6898808479309082
134,2.0639312267303467,0.33339282870292664,0.16438187658786774
135,0.6676262021064758,0.7076024413108826,0.9049004316329956
136,0.5126639604568481,0.19910292327404022,3.9316353797912598
137,0.907012939453125,0.5516935586929321,0.0038948538713157177
138,0.0015991091495379806,0.8166967034339905,0.4373008906841278
139,0.7747902274131775,0.31069034337997437,0.7637935876846313
140,0.9709033370018005,0.007316090632230043,3.398963689804077
141,0.7076030373573303,0.2229238748550415,0.9745269417762756
142,0.8246395587921143,0.39574557542800903,0.0008884895360097289
143,2.6639554500579834,0.0007492768345400691,0.0001493002928327769
144,0.5668615102767944,0.5363196134567261,0.3266904056072235
145,1.7585450410842896,0.1885099709033966,0.4915633499622345
146,0.5034055113792419,0.29964372515678406,0.6532926559448242
147,0.6712169051170349,0.7117819786071777,0.014144946821033955
148,0.9742891192436218,0.4835350811481476,0.7864140868186951
149,0.6314074993133545,0.3596529960632324,0.8478125929832458
150,0.8804808259010315,0.7040525078773499,0.7460443377494812
151,0.5881606936454773,0.2874225676059723,2.242431640625
152,0.7999149560928345,0.8456727266311646,0.0304757971316576
153,0.826011061668396,0.4920981228351593,0.7122926115989685
154,0.514446496963501,0.6004744172096252,0.9855829477310181
155,0.2696051597595215,0.7859761118888855,0.7514819502830505
156,0.9196850657463074,0.0005119856796227396,0.7720658183097839
157,2.346554756164551,0.0017927017761394382,0.4896533787250519
158,0.7879541516304016,0.5542210340499878,0.7908353805541992
159,0.0018047604244202375,0.6671151518821716,0.2539996802806854
160,0.020692164078354836,0.6638604402542114,1.1001266241073608
161,0.5617365837097168,0.1717686951160431,3.291011095046997
162,0.9656810760498047,0.5049294829368591,0.006114771589636803
163,0.00015383736172225326,0.7694736123085022,0.946525514125824
164,0.042344558984041214,0.8043239116668701,1.180591344833374
165,2.758467674255371,0.21230670809745789,0.0
166,0.9240198731422424,0.5841014981269836,0.011429468169808388
167,0.7520603537559509,0.6408873796463013,0.5177791714668274
168,1.1498582363128662,0.005577862728387117,1.3159139156341553
169,0.7788610458374023,0.4900522828102112,0.7233037948608398
170,1.5612075328826904,0.28310996294021606,0.6839538216590881
171,0.7445899844169617,0.32877230644226074,1.381701946258545
172,0.7481573820114136,0.3470868468284607,0.007225486449897289
173,0.502610981464386,0.7003051042556763,0.7110570669174194
174,0.9404629468917847,0.419611394405365,0.7998496890068054
175,0.731412410736084,0.43031856417655945,0.7830965518951416
176,0.42633765935897827,0.5970892310142517,1.025902509689331
177,2.0584776401519775,0.0761810690164566,0.3673931956291199
178,0.0007001817575655878,0.040230412036180496,3.9785263538360596
179,0.790144681930542,0.44857993721961975,0.6817618608474731
180,0.8608514070510864,0.3698712885379791,0.7869277596473694
181,0.906241774559021,0.5755844116210938,0.5993626713752747
182,0.00010518346243770793,0.7016704678535461,0.9794812798500061
183,0.5370475053787231,0.0003069848462473601,4.949437141418457
184,0.8714854121208191,0.6691924929618835,0.815057635307312
185,0.770721971988678,0.9050513505935669,0.0008232867112383246
186,0.001109606702812016,0.6781190037727356,1.3228604793548584
187,0.05245888978242874,0.6404004693031311,1.0083181858062744
188,0.5874675512313843,0.5143689513206482,0.8606322407722473
189,0.9951569437980652,0.3749999403953552,0.42292994260787964
190,0.5947993397712708,0.41453662514686584,1.0985194444656372
191,0.9812486171722412,0.34585267305374146,0.7444655299186707
192,0.9349809885025024,0.03189326822757721,2.1089413166046143
193,0.4148513674736023,0.6016116142272949,0.5043517351150513
194,1.400646448135376,0.28923147916793823,0.6465439796447754
195,0.6223747134208679,0.4890585243701935,0.8035695552825928
196,0.7969459295272827,0.418938547372818,0.8245236873626709
197,0.16697730123996735,0.7152424454689026,0.9414799213409424
198,0.7186312079429626,0.739048957824707,0.007404144387692213
199,0.8701106905937195,0.30405908823013306,0.7416543960571289
200,0.8708040118217468,0.3078397512435913,0.9550278782844543
201,0.5919628739356995,0.5005837678909302,0.7221922874450684
202,0.30186188220977783,1.2250034809112549,0.9693737030029297
203,0.317278116941452,0.5558521151542664,2.227557420730591
204,1.496903419494629,0.11607476323843002,0.7464017271995544
205,0.890543520450592,0.0036184443160891533,1.6947444677352905
206,1.1098507642745972,0.14310026168823242,0.783614456653595
207,1.2096627950668335,0.4230266213417053,0.0014700362225994468
208,1.109391450881958,0.40197765827178955,0.010797436349093914
209,0.0035867318511009216,0.8239118456840515,0.9212485551834106
210,0.837096631526947,0.4569953382015228,0.8051208853721619
211,0.0023873066529631615,0.048313021659851074,4.498899936676025
212,0.8793139457702637,0.42310360074043274,0.7253386378288269
213,0.40788769721984863,0.4175671339035034,0.9696925282478333
214,0.8414119482040405,0.7386635541915894,0.48482123017311096
215,0.6255639791488647,0.6948757171630859,0.38660019636154175
216,0.6317127346992493,0.5844409465789795,0.000834513979498297
217,1.262109637260437,0.6122740507125854,0.001354556530714035
218,0.7069001793861389,0.4213982820510864,0.5787361860275269
219,0.28344589471817017,0.0017069707391783595,3.418041467666626
220,0.8423928618431091,0.4559827148914337,0.5826149582862854
221,0.0002435639762552455,0.7419207096099854,0.9978927373886108
222,0.4964672327041626,0.08075929433107376,3.194262742996216
223,0.8209760189056396,0.2990449070930481,1.0439202785491943
224,0.5888791680335999,0.46121442317962646,0.5825570225715637
225,1.474698781967163,0.8420875072479248,0.0009129227255471051
226,1.6199167966842651,0.35362672805786133,0.07558463513851166
227,0.9644835591316223,0.26493915915489197,0.5538287162780762
228,0.9011906385421753,0.5710275769233704,0.1842420995235443
229,1.7755318880081177,0.103580042719841,0.6178358793258667
230,0.6794818639755249,0.3502110242843628,1.0309772491455078
231,0.6235374212265015,0.6350117921829224,1.0589919090270996
232,0.9163453578948975,0.1885177493095398,1.3407565355300903
233,0.0012822299031540751,1.2427040338516235,0.013865889981389046
234,2.4386491775512695,0.21740752458572388,0.022234829142689705
235,0.2608024477958679,0.3636326193809509,0.2811011075973511
236,0.6189294457435608,0.6859309673309326,0.8249151110649109
237,0.05876210331916809,0.5752221941947937,0.8270871043205261
238,2.551206111907959,0.00059971131850034,0.15521517395973206
239,0.003672303631901741,0.3968023657798767,1.069388747215271
240,0.8094850778579712,0.21121059358119965,1.3440115451812744
241,3.165904998779297,0.0076959095895290375,1.6380324363708496
242,0.567954957485199,0.4396488666534424,0.8648537993431091
243,0.015162172727286816,0.3952634632587433,1.1288856267929077
244,0.8864520788192749,0.44738271832466125,8.154879469657317e-05
245,0.5787599682807922,0.0038807953242212534,1.683144211769104
246,1.032673716545105,0.5601202249526978,0.5022452473640442
247,0.8234662413597107,0.16811780631542206,1.6523222923278809
248,0.7851695418357849,0.6709253191947937,0.002654506592079997
249,0.44106265902519226,0.8229466676712036,0.9440087080001831
250,0.8471163511276245,0.5954428911209106,0.1842445731163025
251,0.06029688939452171,0.23204277455806732,2.804858922958374
252,0.8459419012069702,0.28114548325538635,0.39513421058654785
253,0.6592208743095398,0.40639254450798035,0.6976256966590881
254,0.9002543091773987,0.7036665081977844,0.002857418032363057
255,0.3687784671783447,0.5593197345733643,0.4424765110015869
256,1.8107550204149447e-05,0.41285380721092224,1.0071039199829102
257,0.6855989098548889,0.04053548350930214,2.7326157093048096
258,0.0055501097813248634,0.810478925704956,0.0031542412471026182
259,1.4796671867370605,0.4355834424495697,0.4183301329612732
260,0.422500878572464,0.3311903774738312,0.9022117853164673
261,1.275328278541565,0.15122586488723755,1.9092062711715698
262,1.657806158065796,0.5335280895233154,0.2834436893463135
263,0.01568864844739437,0.7141634225845337,0.879008948802948
264,0.6743190288543701,0.7065576910972595,0.7427128553390503
265,0.7636403441429138,0.6496070623397827,0.41652795672416687
266,0.013198109343647957,0.8963384628295898,0.004814222455024719
267,0.7947563529014587,0.738808810710907,0.0012164501240476966
268,0.7421433329582214,0.5987603664398193,0.49578234553337097
269,0.733887791633606,0.596095085144043,0.8104536533355713
270,2.6164758310187608e-05,1.090128779411316,0.7662954926490784
271,0.6286553740501404,0.47710296511650085,0.027821075171232224
272,0.49239903688430786,0.6635414361953735,0.8095694184303284
273,0.8955305218696594,0.4541359543800354,0.841894268989563
274,0.24873021245002747,0.6769364476203918,1.2443162202835083
275,2.6666386127471924,0.10604878515005112,0.5087357759475708
276,0.7688880562782288,0.608918309211731,0.8325199484825134
277,2.278599739074707,0.0036603366024792194,0.03992671146988869
278,0.4036742150783539,0.6838111281394958,0.7763624787330627
279,1.149308681488037,0.38204213976860046,0.7045726776123047
280,0.8569402694702148,0.4100531041622162,1.6101796627044678
281,0.004050601739436388,0.19556842744350433,0.8123998641967773
282,0.8634181618690491,0.43129751086235046,0.7262119650840759
283,0.4747123718261719,0.6962959170341492,0.004896961618214846
284,0.45048654079437256,0.8211252689361572,0.9385860562324524
285,0.9318743944168091,0.5594702363014221,0.8355175256729126
286,0.6736135482788086,0.8324596881866455,0.3481507897377014
287,0.8928781151771545,0.6159226894378662,0.8509451150894165
288,1.3565795421600342,0.4940643310546875,0.667622447013855
289,0.30257949233055115,0.4424528181552887,1.1281516551971436
290,1.4901974201202393,0.04422154277563095,0.6707285046577454
291,0.5431821942329407,0.6797354817390442,0.23302814364433289
292,0.0011270343093201518,1.0193284749984741,0.14708954095840454
293,2.2766125202178955,0.24130959808826447,0.021764390170574188
294,0.3294449746608734,0.33066654205322266,0.7681549191474915
295,0.00039943421143107116,0.41084644198417664,1.0149047374725342
296,1.0106462240219116,0.3214188516139984,0.9758266806602478
297,0.0327504463493824,0.5580926537513733,0.7438230514526367
298,0.7913520932197571,0.5229721069335938,0.37403541803359985
299,0.5031366944313049,0.5755208730697632,0.2966000437736511
300,0.019239775836467743,0.9592207670211792,0.1511070877313614
301,0.7656625509262085,0.6289850473403931,0.839638888835907
302,0.7244662046432495,0.6424545049667358,0.6361173391342163
303,0.7658208608627319,0.655023992061615,0.8051379919052124
304,0.3749338388442993,0.669488787651062,0.6482487916946411
305,0.8677420020103455,0.6449674367904663,0.5011059641838074
306,0.7683336138725281,0.4513954520225525,0.8667395710945129
307,0.0004852224374189973,0.5756165385246277,0.3367020785808563
308,0.0003436863189563155,0.6195645928382874,0.8573316931724548
309,0.0450332872569561,0.7720894813537598,0.9286927580833435
310,0.6054465174674988,0.7420945167541504,0.24999874830245972
311,1.4156726598739624,0.06848445534706116,0.47675594687461853
312,0.8074477314949036,0.4609730541706085,0.3625677525997162
313,0.9308443665504456,0.5198978781700134,0.8875064849853516
314,0.8698464632034302,0.3154207170009613,0.5376560091972351
315,0.5626997947692871,0.6703265309333801,0.5379708409309387
316,0.7294507026672363,0.35224688053131104,1.9134517908096313
317,1.1825602054595947,0.13387134671211243,0.7508544325828552
318,0.7305587530136108,0.5265964269638062,0.7754936814308167
319,0.04121512174606323,0.9509151577949524,0.04957551136612892
320,0.33687832951545715,0.00020816567121073604,3.165736198425293
321,0.43188443779945374,0.5935922265052795,0.8461956977844238
322,2.752356767654419,0.3463495671749115,7.928076229291037e-06
323,0.5437559485435486,0.4488251805305481,0.4234321415424347
324,0.882381021976471,0.356244832277298,0.5641897916793823
325,0.06586208939552307,0.6710404753684998,0.6226563453674316
326,1.1358997821807861,0.6416757106781006,0.01095055602490902
327,0.882832944393158,0.5011360049247742,0.45775607228279114
328,0.8332442045211792,0.8665162920951843,0.006426878273487091
329,0.436606764793396,0.40262770652770996,0.9673352241516113
330,0.37075668573379517,0.49765798449516296,0.6277710795402527
331,0.012580222450196743,0.8797135353088379,0.1568806916475296
332,0.27212077379226685,0.8609911203384399,0.636443018913269
333,0.8518264293670654,0.5198915004730225,0.7463045120239258
334,1.12411367893219,0.16270284354686737,0.6760329008102417
335,0.7194569706916809,0.7121871113777161,0.8506388664245605
336,3.6694533824920654,0.004355387296527624,0.19666682183742523
337,0.6710525155067444,0.5007726550102234,1.40701162815094
338,0.5881619453430176,0.15640905499458313,1.7165138721466064
339,0.8225030899047852,0.3467417359352112,0.7907296419143677
340,0.002842361107468605,0.8370478749275208,0.0654832050204277
341,7.313058449653909e-05,0.6899454593658447,0.9205054640769958
342,0.06599850952625275,0.7574328184127808,1.1382123231887817
343,0.24707193672657013,0.7063096165657043,0.48270413279533386
344,0.8154274821281433,0.5983401536941528,0.05675024911761284
345,1.049269437789917,0.38850367069244385,0.0029161630664020777
346,0.870904803276062,0.46893420815467834,0.684775173664093
347,0.00029441172955557704,0.8239062428474426,0.6096550226211548
348,0.8259427547454834,0.6206976175308228,0.39810267090797424
349,1.54258131980896,0.3362656831741333,0.2775806188583374
350,0.0001855752634583041,0.581497848033905,0.809753954410553
351,1.5443851947784424,0.27765095233917236,0.4410104751586914
352,0.7846494913101196,0.5479632019996643,0.5432958006858826
353,2.4742627143859863,0.0019119661301374435,1.3054221868515015
354,0.7670599818229675,0.7149624824523926,0.7062480449676514
355,0.00736753037199378,1.1468658447265625,0.08593679964542389
356,2.658283233642578,0.0005463677225634456,0.015526935458183289
357,0.18687704205513,0.5122659802436829,0.6585842370986938
358,0.4060157835483551,1.0016155242919922,0.000555498234461993
359,0.8519062995910645,0.20270425081253052,0.7388179302215576
360,0.578215479850769,0.43790921568870544,0.7726849317550659
361,0.6711416244506836,0.5751704573631287,0.4742657244205475
362,0.5467881560325623,0.6498986482620239,0.5524650812149048
363,0.9473754167556763,0.5194070339202881,0.002274921862408519
364,0.44363123178482056,0.7269015908241272,0.15265952050685883
365,0.3901561498641968,0.5306890606880188,1.553340196609497
366,0.0035407075192779303,0.0007936686160974205,5.170727252960205
367,0.41854754090309143,0.6807066798210144,0.45783093571662903
368,2.659298297658097e-05,0.7266688346862793,0.8451724052429199
369,0.00672063697129488,0.5212501287460327,0.8890230655670166
370,0.48983582854270935,0.7435804605484009,0.0004991657333448529
371,0.0040323855355381966,0.6945739388465881,0.748710036277771
372,0.6978703141212463,0.6822536587715149,0.6681226491928101
373,0.8980799317359924,0.500693678855896,0.002023041481152177
374,0.8261545300483704,0.6877526640892029,0.47539255023002625
375,0.5836701989173889,0.4339360296726227,0.39616474509239197
376,0.8703645467758179,0.6016029715538025,0.6654351353645325
377,0.4650319218635559,0.45497527718544006,0.6960079073905945
378,0.006900088395923376,0.7285606265068054,0.8486191034317017
379,1.1597257852554321,0.0058511788956820965,2.882986307144165
380,0.913814902305603,0.3880029618740082,0.3450350761413574
381,0.5158438086509705,0.0008848522556945682,3.4037461280822754
382,0.012117392383515835,1.0035258531570435,0.938657820224762
383,0.6709296703338623,0.6253105998039246,0.3799950182437897
384,0.5172123312950134,0.0002922991698142141,4.483234882354736
385,0.5489675402641296,0.41400229930877686,0.6604704856872559
386,0.0005638149450533092,0.4877259135246277,0.8324108719825745
387,0.7477411031723022,0.2552087903022766,1.542630672454834
388,0.0017668476793915033,0.8705102205276489,0.6278969049453735
389,2.112107753753662,0.00017220356676261872,0.6909466981887817
390,0.0011214660480618477,0.7135854959487915,0.8323003053665161
391,0.7892249822616577,0.43801647424697876,0.010797497816383839
392,1.271517038345337,0.5221512913703918,0.6087849140167236
393,0.00032233333331532776,0.8462579250335693,0.3302401900291443
394,0.7232138514518738,0.4724308252334595,0.7482149600982666
395,0.6812174916267395,0.3066558837890625,0.3352796137332916
396,0.017534201964735985,0.5137585401535034,0.15523093938827515
397,0.5535253882408142,0.08365347981452942,2.794966220855713
398,3.089017868041992,0.0018338668160140514,0.09485723078250885
399,0.3825562298297882,0.8463414907455444,0.0017879287479445338
400,2.095686674118042,0.0025029259268194437,1.723442554473877
401,0.021090999245643616,0.7122626900672913,1.4404356479644775
402,1.235366940498352,0.1657264530658722,0.6931282877922058
403,0.6735630631446838,0.1676013022661209,0.9484694600105286
404,0.8623518347740173,0.4498037099838257,0.0006431261426769197
405,0.9789823293685913,0.3897022306919098,0.8726704120635986
406,0.9491260051727295,0.0005150522338226438,2.6550583839416504
407,1.1059828996658325,0.33243754506111145,0.0014055626234039664
408,0.43722328543663025,0.37213701009750366,0.8190500140190125
409,0.41347411274909973,0.5137385129928589,0.9263520240783691
410,0.7985811233520508,0.4040057957172394,0.36040234565734863
411,0.0005835775518789887,0.74104243516922,0.5271403789520264
412,0.0001244772138306871,0.8427254557609558,0.8196111917495728
413,0.6777516007423401,1.072895884513855,0.13580834865570068
414,0.39037570357322693,0.9341405034065247,0.5971421003341675
415,0.8474439382553101,0.5363999009132385,0.3275274932384491
416,0.19904838502407074,0.6910762190818787,1.4125494956970215
417,0.7099673748016357,0.613508939743042,1.0023881196975708
418,1.4507626295089722,0.011559853330254555,0.7753041982650757
419,0.7729750275611877,0.3429419696331024,0.7489447593688965
420,0.015398144721984863,0.6394686102867126,1.1082090139389038
421,0.5678976774215698,0.7807384729385376,0.8695465922355652
422,0.019253114238381386,0.4942552149295807,1.222161054611206
423,1.0753031969070435,0.5458853244781494,0.008284914307296276
424,1.481713056564331,0.3508894443511963,0.573377251625061
425,1.650800347328186,0.12785477936267853,0.9322572946548462
426,0.5070570111274719,0.28567469120025635,2.6096150875091553
427,0.8266483545303345,0.69527268409729,0.8250315189361572
428,0.0006470202351920307,0.44115322828292847,0.9735305309295654
429,0.09837079793214798,0.5168918371200562,1.943164587020874
430,0.5855932831764221,0.593220591545105,0.9138092398643494
431,0.9554691910743713,0.6692703366279602,0.21492816507816315
432,0.003638056106865406,0.7472752332687378,0.2544824182987213
433,0.7320538759231567,0.17950622737407684,0.6449609994888306
434,0.014379840344190598,0.7144489288330078,0.9519965648651123
435,0.7378323078155518,0.6066488027572632,0.7877027988433838
436,0.931424617767334,0.6788183450698853,0.5109387636184692
437,0.7930392026901245,0.5929027795791626,0.6015554666519165
438,0.7424799203872681,0.7654171586036682,0.5456249117851257
439,1.0160744190216064,0.6321738958358765,0.8684595227241516
440,0.4444444477558136,0.3730110228061676,0.8355736136436462
441,1.0019491910934448,0.45423394441604614,0.08535781502723694
442,0.36997267603874207,0.42539089918136597,0.8363232016563416
443,0.23592814803123474,0.8943078517913818,0.7251535654067993
444,0.22789284586906433,0.5188403129577637,0.6697560548782349
445,1.0716913938522339,0.29457560181617737,0.10852967947721481
446,0.03791661933064461,0.402190238237381,0.8546494841575623
447,0.4782705008983612,0.4830304980278015,0.9047843813896179
448,0.15398618578910828,0.9718678593635559,0.06897233426570892
449,0.5585297346115112,0.39376962184906006,0.5562464594841003
450,0.5368472337722778,0.6287368535995483,0.19567489624023438
451,0.7212040424346924,0.5747712254524231,0.6222118139266968
452,0.8818164467811584,0.4722972512245178,0.07565460354089737
453,0.8550512790679932,0.7373129725456238,0.7153853178024292
454,0.8341591358184814,0.4217943847179413,0.8317084312438965
455,0.859241247177124,0.6142341494560242,0.6279444694519043
456,0.9483019113540649,0.5830182433128357,0.48733532428741455
457,0.38972923159599304,0.7687196135520935,0.375584214925766
458,0.49826234579086304,0.6313862204551697,0.7594080567359924
459,0.5808881521224976,0.38073042035102844,0.011821458116173744
460,0.6022946238517761,0.5365657806396484,0.564025342464447
461,3.567927837371826,0.001410753815434873,0.072194904088974
462,0.3703242242336273,0.5000793933868408,0.03761300817131996
463,0.5456645488739014,0.5639708042144775,0.7337542772293091
464,0.5442193746566772,0.6249670386314392,0.8217002749443054
465,0.4349684417247772,0.7233487367630005,0.002662105020135641
466,1.0146986246109009,0.38340747356414795,0.8074114918708801
467,2.322929620742798,0.0749955028295517,0.682481586933136
468,0.010025805793702602,0.5375950336456299,0.987830400466919
469,0.6783730387687683,0.5358126759529114,0.848341703414917
470,0.5922465324401855,0.6729468703269958,0.47162967920303345
471,0.02080688811838627,0.7559170126914978,0.0005923742428421974
472,0.00018994529091287404,0.7259976863861084,1.0672863721847534
473,0.39381587505340576,0.8136189579963684,0.7165268659591675
474,0.0024576883297413588,0.9943937063217163,0.2121160328388214
475,0.6535231471061707,0.433358371257782,0.0008849829318933189
476,0.027112266048789024,0.0011740396730601788,5.29604434967041
477,0.00010138139623450115,0.0014222885947674513,4.342175006866455
478,0.0004319456056691706,0.8171864151954651,0.7237458825111389
479,0.5263389348983765,0.699488639831543,0.8053386211395264
480,0.1853903830051422,0.8715331554412842,0.06516271084547043
481,0.14507710933685303,0.6055514812469482,0.8157333135604858
482,0.46967893838882446,0.5237597227096558,0.8743299841880798
483,0.7797353267669678,0.5457094311714172,0.5147809982299805
484,0.047653958201408386,0.5162172913551331,1.8525117635726929
485,2.562450647354126,0.13877882063388824,0.0028137299232184887
486,0.18711547553539276,0.0028944367077201605,5.349729537963867
487,0.6742135882377625,0.8792983889579773,0.4720556437969208
488,2.6228015422821045,0.11512843519449234,0.29217809438705444
489,0.8845057487487793,0.63258296251297,0.12219452857971191
490,0.9584380388259888,0.2859038710594177,0.9394583702087402
491,0.6501834988594055,0.4776304364204407,0.5925241112709045
492,0.10099966078996658,0.3720591962337494,1.5420520305633545
493,0.9323546290397644,0.5016288161277771,0.5401611924171448
494,0.8396673202514648,0.6856666207313538,0.0007434023427776992
495,0.889670193195343,0.5670964121818542,0.013000880368053913
496,1.4941391944885254,0.16692285239696503,0.41975533962249756
497,0.7988367676734924,0.5588981509208679,0.29102975130081177
498,0.702246904373169,0.6785600185394287,0.03501402959227562
499,0.7926716208457947,0.649832010269165,0.23194824159145355
500,0.8523367643356323,0.42264261841773987,0.6681240797042847
501,0.6436747312545776,0.0036784810945391655,3.5105714797973633
502,0.032835207879543304,0.49497997760772705,1.1452158689498901
503,0.008730250410735607,0.9697918891906738,0.19722262024879456
504,0.8312211632728577,0.4787351191043854,0.7793027758598328
505,2.688316583633423,0.5416160821914673,0.6964566111564636
506,2.4233696460723877,0.003384504234418273,1.6852227449417114
507,0.8196662068367004,0.4076502025127411,0.5403699278831482
508,0.18247388303279877,0.45018506050109863,0.6538931727409363
509,0.6561609506607056,0.5145232081413269,0.4962855875492096
510,0.3730199337005615,0.5844534039497375,0.33837080001831055
511,0.0026085416320711374,0.5061609148979187,0.8882973790168762
512,0.30393391847610474,0.6835031509399414,0.8945943117141724
513,2.473921537399292,0.1338309347629547,0.37255147099494934
514,0.8888143301010132,0.46975061297416687,0.5002862215042114
515,0.7724820375442505,0.5109001994132996,0.5650069117546082
516,1.0602056980133057,0.166567862033844,0.9883586168289185
517,0.37939101457595825,0.6749436259269714,0.9896632432937622
518,0.6084725260734558,0.49647220969200134,0.996424674987793
519,1.7496464252471924,0.0007075114990584552,1.0459755659103394
520,0.0011421722592785954,0.5949397087097168,0.9244303703308105
521,0.4452037215232849,0.38394078612327576,1.5244249105453491
522,0.004190791863948107,0.2629915475845337,2.0187206268310547
523,0.004822335671633482,0.6756141781806946,1.3007612228393555
524,0.8128270506858826,0.5856183767318726,0.4796908497810364
525,0.7144103646278381,0.4743598699569702,0.7396619915962219
526,0.4961399435997009,0.6096096634864807,0.4074842929840088
527,2.7944560050964355,0.0023623050656169653,0.008598066866397858
528,0.0006124016363173723,0.8257423043251038,1.085449457168579
529,0.5155896544456482,0.37960413098335266,1.546364188194275
530,0.7251571416854858,0.07702673226594925,2.1254758834838867
531,0.5141192078590393,0.30685311555862427,1.7440983057022095
532,3.0309195518493652,0.01005865540355444,0.012108935043215752
533,2.5518038272857666,0.03160158172249794,0.013322461396455765
534,0.7498534321784973,0.7093965411186218,0.5260451436042786
535,1.8255826234817505,0.3320062756538391,0.0003594631562009454
536,0.7809604406356812,0.000555673788767308,3.5285685062408447
537,0.0002989978820551187,0.8010010123252869,0.5778207182884216
538,0.9641797542572021,0.3025425374507904,0.0027368017472326756
539,4.1857733726501465,0.0036697830073535442,0.028623299673199654
540,0.5448603630065918,0.4214070737361908,0.7292912602424622
541,0.9854452610015869,0.22960974276065826,1.030659794807434
542,0.32907339930534363,0.00549778388813138,1.9089092016220093
543,1.7113131284713745,0.25220248103141785,0.401150107383728
544,0.2764924168586731,0.5374506115913391,2.318601369857788
545,0.8205466866493225,0.2677411139011383,1.2777166366577148
546,0.48289793729782104,0.458547979593277,0.008351024240255356
547,0.12246278673410416,0.7097358107566833,0.0324396938085556
548,0.5684506893157959,0.27506107091903687,0.7298492789268494
549,0.6744745373725891,0.37060678005218506,1.5168558359146118
550,2.189053773880005,0.05135113373398781,0.4524630904197693
551,0.4410856366157532,0.42426714301109314,0.9647603034973145
552,0.003996358253061771,0.9420412182807922,0.8675729632377625
553,0.07751749455928802,0.8119798302650452,0.5146375894546509
554,0.01849568635225296,0.7081300616264343,0.2977324426174164
555,0.42661574482917786,0.6227532625198364,0.0013714974047616124
556,0.542994499206543,0.5430502891540527,0.8679088354110718
557,0.5436010360717773,0.46334436535835266,0.942270040512085
558,0.14084692299365997,0.44355812668800354,0.7089904546737671
559,0.9663877487182617,0.33866629004478455,0.0032580080442130566
560,0.11006035655736923,0.745073676109314,0.5931393504142761
561,0.8373474478721619,0.2845771610736847,0.5118895173072815
562,0.022537674754858017,0.9393283724784851,0.6520430445671082
563,0.7854015827178955,0.48628872632980347,0.4090525209903717
564,3.0683138370513916,0.011509053409099579,0.4184338450431824
565,0.5147320628166199,0.005209494847804308,4.378009796142578
566,0.8695863485336304,0.6436004638671875,0.0001874735316960141
567,0.17091195285320282,0.7380882501602173,1.234208106994629
568,1.2289189100265503,0.611160397529602,0.22847183048725128
569,0.8118563890457153,0.439704567193985,0.028442448005080223
570,0.8680621981620789,0.6886493563652039,0.0030985784251242876
571,1.2888150215148926,0.3202553987503052,0.6926654577255249
572,0.7573143243789673,0.5296403765678406,0.8646711111068726
573,0.30906227231025696,0.31952643394470215,2.6113529205322266
574,2.3688881397247314,0.14111633598804474,0.00012733347830362618
575,0.8615511059761047,0.6437443494796753,0.40550708770751953
576,0.03910284861922264,0.5506196618080139,1.4888384342193604
577,1.3866868019104004,0.6569170355796814,0.33569464087486267
578,0.6935547590255737,0.5613626837730408,0.8560051321983337
579,0.6179251670837402,0.9846185445785522,0.0088051101192832
580,1.025916337966919,0.039197370409965515,0.9028435945510864
581,2.169935703277588,0.1907326877117157,0.18308165669441223
582,1.478883147239685,0.29227641224861145,0.6327436566352844
583,0.0013100348878651857,1.1453824043273926,0.2239559441804886
584,0.42579570412635803,0.3620850443840027,0.0005582369049079716
585,0.031690988689661026,0.7287799715995789,0.961742639541626
586,2.4644501209259033,0.12344546616077423,0.19364698231220245
587,0.7587812542915344,0.5969705581665039,1.0765526294708252
588,0.5066713690757751,0.9207338690757751,0.14468416571617126
589,0.7596558332443237,0.6039523482322693,0.9156496524810791
590,3.7477805614471436,0.004749847576022148,0.038625240325927734
591,0.000959048280492425,1.0740537643432617,0.22572961449623108
592,0.1236901804804802,0.5556625127792358,0.9042646288871765
593,0.789742112159729,0.5545235276222229,0.004631788469851017
594,1.879104733467102,0.0005585916806012392,1.432895541191101
595,0.8882392644882202,0.41032466292381287,0.3589574992656708
596,0.0029124487191438675,0.8198246359825134,0.4177420735359192
597,0.01326284185051918,0.7935882806777954,0.02497023716568947
598,0.637352705001831,0.30846598744392395,0.5940873026847839
599,0.7102404832839966,0.6016736030578613,0.6857424378395081
600,0.726612389087677,0.44695034623146057,0.006394451949745417
601,0.011675105430185795,0.6452591419219971,0.9255684018135071
602,0.839817464351654,0.46055498719215393,0.4944482147693634
603,0.8605086207389832,0.4253644645214081,0.533031165599823
604,0.7617875337600708,0.6190507411956787,0.7552498579025269
605,2.327831745147705,0.20867080986499786,0.22159484028816223
606,0.003981208428740501,0.8173549175262451,0.8535207509994507
607,0.6809110641479492,0.7083774209022522,0.5258803367614746
608,1.1481385231018066,0.6197930574417114,0.3926246166229248
609,0.7178548574447632,0.4817095398902893,0.7863861918449402
610,1.0592362880706787,0.23710986971855164,0.0019469878170639277
611,0.9837839007377625,0.34105780720710754,0.4364188015460968
612,0.8804304599761963,0.5010215640068054,0.5687887072563171
613,0.0006884193862788379,0.805702805519104,0.5461280345916748
614,0.8984599709510803,0.30242156982421875,0.5816579461097717
615,2.9265241622924805,0.00026703852927312255,0.003264926839619875
616,0.010285298340022564,1.0683460235595703,0.2779989540576935
617,0.40765902400016785,0.28969505429267883,1.6875332593917847
618,0.9326320886611938,0.4754410684108734,0.6460704803466797
619,0.06158270686864853,0.8496990203857422,0.6573992967605591
620,0.04606419801712036,0.7616446614265442,0.4725373387336731
621,0.41732266545295715,0.8254734873771667,0.44459018111228943
622,1.9485621452331543,0.0683823823928833,0.5286338329315186
623,1.132515788078308,0.001200690632686019,0.9130396246910095
624,0.9005839824676514,0.48665934801101685,0.45596665143966675
625,1.8822808265686035,0.11034020781517029,1.4252572059631348
626,0.008960540406405926,0.5852066278457642,0.3430287539958954
627,0.7298722863197327,0.4965047836303711,0.617012619972229
628,0.9365099668502808,0.26347070932388306,0.5716894865036011
629,0.7006104588508606,0.512490451335907,0.7344583868980408
630,1.0995032787322998,0.4293619394302368,0.3968352973461151
631,0.4915876090526581,0.6063483357429504,0.894752562046051
632,2.5961432456970215,0.0011436756467446685,0.07958242297172546
633,0.6041837930679321,0.4645812511444092,0.43515223264694214
634,0.9621004462242126,0.20648105442523956,0.9453535079956055
635,0.35034850239753723,0.6560699939727783,0.9225236177444458
636,0.8146235942840576,0.6130371689796448,0.7241509556770325
637,2.610180139541626,0.12001824378967285,0.0020892389584332705
638,0.8631204962730408,0.6853882074356079,0.7687358260154724
639,0.00023554987274110317,1.027532935142517,0.7329609990119934
640,0.8728558421134949,0.7351508736610413,0.7719181776046753
641,0.866250216960907,0.46852460503578186,0.11709301918745041
642,0.8490833044052124,0.6166333556175232,0.0004095199110452086
643,0.16335581243038177,0.0013997177593410015,3.1057822704315186
644,1.0994312763214111,0.393556147813797,0.47551825642585754
645,0.8376771211624146,0.6486679911613464,0.3692113757133484
646,1.8363285064697266,0.16783590614795685,0.10780273377895355
647,0.49148210883140564,0.5096078515052795,0.5294194221496582
648,0.8809410929679871,0.21261660754680634,0.7392677068710327
649,0.5196870565414429,0.012061680667102337,3.7259626388549805
650,0.8634170889854431,0.3102521002292633,0.8047785758972168
651,0.6543235182762146,0.27294930815696716,1.821853518486023
652,0.002568634459748864,0.8644724488258362,0.3930395543575287
653,0.8976028561592102,0.4443599581718445,0.26821091771125793
654,0.9835909008979797,0.6180189251899719,0.02904694527387619
655,0.5921674370765686,0.20512406527996063,1.8743230104446411
656,0.7498443126678467,0.21575219929218292,2.81563663482666
657,2.261260747909546,0.28500446677207947,0.39034503698349
658,0.896790623664856,0.24437721073627472,1.2779676914215088
659,1.155668020248413,0.38403594493865967,0.001975718419998884
660,0.8556604385375977,0.4472891688346863,0.0
661,0.00255332188680768,0.3857002854347229,1.978996992111206
662,0.013516776263713837,0.8810466527938843,0.01839580573141575
663,0.6783674955368042,0.3397998511791229,1.3847335577011108
664,0.8750115036964417,0.4457781910896301,0.7010056972503662
665,2.9649710655212402,0.00535276485607028,0.2622211277484894
666,0.9137983918190002,0.5616315603256226,0.0007611342589370906
667,0.8791437149047852,0.6290393471717834,0.0006867283955216408
668,0.6683432459831238,0.7387290000915527,0.3350814878940582
669,0.5423965454101562,0.6605865955352783,0.509165346622467
670,0.0011881107930094004,0.8317197561264038,0.3520103991031647
671,0.0025369918439537287,0.5761896371841431,1.0663046836853027
672,0.5524214506149292,0.3574117422103882,0.7960376143455505
673,1.6231658458709717,0.4154818654060364,0.00045784248504787683
674,0.5630571842193604,0.05671679973602295,2.7406139373779297
675,0.8457159399986267,0.7279747128486633,0.42754507064819336
676,2.1142728328704834,0.14040881395339966,0.0002470356412231922
677,1.4727199077606201,0.2696840167045593,1.0024040937423706
678,0.5655338168144226,0.1301591396331787,1.3994125127792358
679,0.0006098879966884851,0.5428466200828552,2.1494431495666504
680,0.1997431069612503,0.6176503300666809,0.5940675139427185
681,0.5667010545730591,0.6295568943023682,0.589067816734314
682,0.2141018956899643,0.58663409948349,1.0090457201004028
683,0.9628809094429016,0.374433308839798,0.4299038052558899
684,1.264572262763977,0.4725169241428375,0.002967303153127432
685,0.8068628311157227,0.14841440320014954,2.4543263912200928
686,1.3638269901275635,0.240892231464386,0.7076442241668701
687,0.0026007783599197865,0.7495266795158386,0.9220730662345886
688,0.10283391177654266,0.16053512692451477,2.9576668739318848
689,0.08685105293989182,0.6745718717575073,0.003754023928195238
690,0.7625371217727661,0.12342101335525513,2.9955971240997314
691,0.724122166633606,0.49550482630729675,0.5216320157051086
692,0.620703935623169,0.48850342631340027,0.2669704854488373
693,1.3086833953857422,0.5428081750869751,3.038911017938517e-05
694,1.472501277923584,0.004601169377565384,0.6149842739105225
695,1.996430516242981,0.0005557618569582701,2.2901973724365234
696,0.893467903137207,0.36813071370124817,0.2749972939491272
697,0.759447455406189,0.6776102185249329,0.013050975278019905
698,0.0010747205233201385,0.3721775710582733,0.6631749868392944
699,1.450652003288269,0.09387941658496857,0.0013630659086629748
700,0.7262832522392273,0.6122217774391174,0.11252207309007645
701,2.271329641342163,0.09719265252351761,0.24893718957901
702,0.001747212139889598,0.4377180337905884,1.229573369026184
703,0.8209450244903564,0.7645441293716431,0.5131096243858337
704,0.22688482701778412,0.33365049958229065,2.1796481609344482
705,2.5869531631469727,0.0322716049849987,0.0002606296620797366
706,0.4202429950237274,0.4629635214805603,0.1830066591501236
707,0.6472007036209106,0.21836689114570618,1.02622652053833
708,0.0020609251223504543,0.6066675782203674,0.9234092831611633
709,0.2324240654706955,0.9130488038063049,0.08238328993320465
710,0.9158273339271545,0.15457993745803833,0.6162430047988892
711,1.7915617227554321,0.0008246760698966682,0.6599969267845154
712,0.0008099418482743204,0.5701524615287781,0.9599523544311523
713,0.7745355367660522,0.39501824975013733,0.8258891105651855
714,0.8557189106941223,0.48214370012283325,0.1490624099969864
715,1.2323596477508545,0.3196410536766052,0.7933505177497864
716,0.2501755952835083,0.8442344069480896,0.879686176776886
717,0.5961843132972717,0.8225683569908142,0.7265108823776245
718,0.7002758979797363,0.31533384323120117,1.274222731590271
719,0.2613244354724884,0.6241793632507324,1.211688756942749
720,7.240016566356644e-05,0.8906825184822083,0.9677393436431885
721,0.00032707411446608603,0.6085721850395203,0.673660159111023
722,0.2277037352323532,0.46974629163742065,1.6690378189086914
723,0.7487998008728027,0.659744143486023,0.2393355816602707
724,0.21723410487174988,0.002656141761690378,5.765707492828369
725,0.041571903973817825,0.5804925560951233,0.5691882967948914
726,0.8453048467636108,0.43263232707977295,0.867175281047821
727,0.8698763847351074,0.7637580037117004,0.048323191702365875
728,1.1921091079711914,0.5178958773612976,0.1619728058576584
729,0.8228483200073242,0.6214790940284729,0.6134293675422668
730,0.7554928064346313,0.824824869632721,0.6853768229484558
731,0.3880859911441803,0.5209890604019165,0.0014523991849273443
732,0.6648938655853271,0.5146287083625793,1.0886017084121704
733,0.8284736275672913,0.7570427656173706,0.12045561522245407
734,1.7518889904022217,0.33675235509872437,0.3292635679244995
735,0.5875563025474548,0.18465252220630646,0.7716440558433533
736,0.8693594336509705,0.07767298817634583,0.8914536833763123
737,0.0016163154505193233,0.5302845239639282,1.3391374349594116
738,0.5857365727424622,0.8549094200134277,0.6932435631752014
739,0.8043413162231445,0.6535186171531677,0.835973858833313
740,0.3122170567512512,0.7576888203620911,0.6546971201896667
741,0.6779493093490601,0.44259175658226013,2.4197425842285156
742,0.7186956405639648,0.7553390860557556,0.9417178630828857
743,0.9233068227767944,0.5113632082939148,0.00020932484767399728
744,0.9501509070396423,0.23950770497322083,0.7430387139320374
745,0.23793184757232666,0.6412713527679443,0.00326066673733294
746,0.0004952333983965218,0.5385698676109314,2.216588020324707
747,0.03549406677484512,0.10802769660949707,3.0128610134124756
748,0.6169542670249939,0.6377124786376953,0.00043640114017762244
749,1.9066162109375,0.021169336512684822,0.0
750,1.0853512287139893,0.2687114179134369,0.8089283108711243
751,0.4291974604129791,0.343277245759964,1.344552755355835
752,0.5008073449134827,0.33669760823249817,0.6638906598091125
753,0.016589093953371048,0.5919684171676636,0.9184610247612
754,0.0015771475154906511,0.7832964062690735,0.8424102663993835
755,0.8825794458389282,0.3098382353782654,0.9737697243690491
756,0.4151109755039215,0.7986180782318115,0.9325109124183655
757,0.7130767703056335,0.6340953707695007,0.29411575198173523
758,0.010120615363121033,0.007102061994373798,5.227576732635498
759,0.5247592926025391,0.42162954807281494,2.067854881286621
760,0.8866493701934814,0.5289616584777832,0.6597687005996704
761,0.02049402892589569,0.6079173684120178,1.2751665115356445
762,0.8470785617828369,0.12946228682994843,0.5454689264297485
763,0.7410796284675598,0.5324499011039734,0.45434296131134033
764,0.017200356349349022,0.39460381865501404,2.709218740463257
765,0.6831026673316956,0.0004929316928610206,2.16334867477417
766,0.3333006799221039,0.7887209057807922,0.24125812947750092
767,1.0038049221038818,0.6158258318901062,0.6420584321022034
768,0.6138625144958496,0.42695483565330505,0.48812881112098694
769,0.522357702255249,0.5310362577438354,0.8849658370018005
770,3.2335047721862793,0.013244829140603542,0.208502396941185
771,0.941969096660614,0.45961132645606995,0.10939877480268478
772,0.6940792798995972,0.6662600636482239,0.41671907901763916
773,0.0007196743390522897,0.7060124278068542,0.8395653367042542
774,2.6425058841705322,0.0020342054776847363,4.406463631312363e-05
775,0.9378108382225037,0.3954754173755646,0.6328211426734924
776,0.03085431084036827,0.8253371715545654,0.832841157913208
777,0.34615808725357056,0.5805021524429321,0.8992623686790466
778,0.6576105952262878,0.15088629722595215,0.9205343127250671
779,0.5284821391105652,0.7728083729743958,0.418296217918396
780,0.05605979636311531,0.18271692097187042,2.3158082962036133
781,0.4414128065109253,0.6114504337310791,0.6662364602088928
782,0.0019473554566502571,0.5820050835609436,1.9024502038955688
783,0.8200132250785828,0.6083804368972778,0.32619327306747437
784,0.91792893409729,0.5175130367279053,0.26147663593292236
785,0.002100579673424363,0.7944294810295105,0.3413134813308716
786,0.7370221018791199,0.598278820514679,0.740228533744812
787,0.9480293989181519,0.5298987627029419,0.36718422174453735
788,1.0406761169433594,0.3590258061885834,0.8951147794723511
789,0.8608532547950745,0.7191025018692017,0.3332996964454651
790,0.8749905824661255,0.6482810378074646,0.8634704947471619
791,1.3126237392425537,0.4915565550327301,0.508001446723938
792,1.2652724981307983,0.5070090293884277,0.0062718759290874004
793,0.8259404301643372,0.6003791093826294,0.11374656111001968
794,0.0003506667853798717,0.8430732488632202,0.2695438265800476
795,1.2663137912750244,0.36523526906967163,0.3090209662914276
796,1.0466010570526123,0.39765048027038574,0.7014275789260864
797,0.3750317692756653,0.5883508324623108,0.6701670289039612
798,0.054319433867931366,0.7546123266220093,0.3698905110359192
799,0.02654506452381611,0.8778659105300903,0.16060374677181244
800,0.785794734954834,0.5017163157463074,0.8080585598945618
801,0.485294371843338,0.3820074200630188,0.9097435474395752
802,0.16905556619167328,0.6194191575050354,1.0027209520339966
803,0.48949307203292847,0.629385232925415,0.7287777662277222
804,0.5907103419303894,0.569240391254425,0.7394309639930725
805,0.8185189366340637,0.2518019378185272,0.6471842527389526
806,0.4217703640460968,0.367975115776062,1.1912349462509155
807,1.9137762784957886,0.4860302805900574,0.0
808,0.27117693424224854,0.46630915999412537,4.456902027130127
809,0.0008940569241531193,0.8923110961914062,0.9594359397888184
810,2.1198458671569824,0.45652836561203003,0.0010207260493189096
811,0.5568214058876038,0.5139212012290955,0.006267879623919725
812,9.408869664184749e-05,0.0006067684735171497,4.367047309875488
813,0.8166895508766174,0.31177815794944763,0.8672226667404175
814,0.7689768075942993,0.43974176049232483,0.020550770685076714
815,0.30040767788887024,0.6605585813522339,0.7486436367034912
816,0.4906538128852844,0.9002793431282043,0.33166924118995667
817,0.003518433775752783,0.7275499701499939,0.8057367205619812
818,0.002859174506738782,0.7929145693778992,0.9071380496025085
819,1.1938859224319458,0.47574034333229065,0.22451713681221008
820,3.3957767486572266,0.003698371583595872,0.13925586640834808
821,0.5602452158927917,0.3690277338027954,1.3730205297470093
822,0.7074638605117798,0.5224030017852783,0.25355589389801025
823,0.7489913702011108,0.29364925622940063,0.713816225528717
824,8.070411422522739e-05,0.2628553807735443,2.579585552215576
825,0.9810101389884949,0.38391339778900146,0.45340201258659363
826,0.5761107802391052,0.1544783115386963,2.3555264472961426
827,0.00020802716608159244,0.7031145691871643,0.9251599907875061
828,0.4574122130870819,0.654754638671875,0.8911409378051758
829,0.3484666049480438,0.836785078048706,0.003319710260257125
830,0.8162225484848022,0.302768737077713,0.8403632044792175
831,0.7108190059661865,0.5543663501739502,0.7445189952850342
832,0.6342494487762451,0.3234425187110901,1.483654499053955
833,2.1185431480407715,0.26397567987442017,0.1713666319847107
834,0.471367746591568,0.7321706414222717,0.1443413943052292
835,3.0889976024627686,0.004965946078300476,0.11049149185419083
836,0.7093735933303833,0.11969442665576935,2.609285593032837
837,0.4126673638820648,0.7741734385490417,0.7197957038879395
838,3.2318058013916016,0.0010973685421049595,0.0009828645270317793
839,0.5911272168159485,0.5067254900932312,0.8456013798713684
840,0.7398568391799927,0.18348944187164307,1.2555785179138184
841,1.1940891742706299,0.0012652940349653363,0.7075141668319702
842,0.3854261040687561,0.8358739614486694,0.6370295882225037
843,0.919114887714386,0.42579102516174316,0.26756566762924194
844,0.6310397386550903,0.6017561554908752,0.43374934792518616
845,0.0483744777739048,0.529895007610321,0.013955008238554
846,0.4809362590312958,0.9058553576469421,0.10662143677473068
847,0.0076788123697042465,1.1189080476760864,0.5012677907943726
848,0.7051593065261841,0.5080069303512573,0.8526491522789001
849,0.41995829343795776,0.4227067530155182,0.006750074215233326
850,0.044213101267814636,0.44790560007095337,0.682370126247406
851,2.4131293296813965,0.04336061328649521,0.000608926173299551
852,0.8756892681121826,0.6275436282157898,0.14605575799942017
853,0.0019676999654620886,0.9448773860931396,0.031649790704250336
854,2.7995684146881104,0.001151474891230464,0.3288477957248688
855,2.167581796646118,0.18835143744945526,0.5520223379135132
856,0.850421130657196,0.41768574714660645,0.5135858058929443
857,1.3858059644699097,0.14871300756931305,0.09451206028461456
858,0.0011122544528916478,0.5372963547706604,0.48260989785194397
859,0.7697042226791382,0.6492382884025574,0.33024275302886963
860,3.0231146812438965,0.0010832283878698945,0.23698151111602783
861,0.00470016710460186,0.4286768138408661,0.7056655883789062
862,0.8031762838363647,0.3343552052974701,0.3954016864299774
863,0.8827199339866638,0.41208404302597046,0.4699525535106659
864,0.43096792697906494,0.3606671094894409,0.7354771494865417
865,0.20612263679504395,0.6770697832107544,0.9649712443351746
866,0.7669800519943237,0.1667889803647995,1.7711138725280762
867,0.018407175317406654,0.5141925811767578,2.2019784450531006
868,0.5376030802726746,0.785334050655365,0.790477454662323
869,0.3805334270000458,0.48825061321258545,0.9378595352172852
870,1.2683255672454834,0.6120375394821167,0.440290629863739
871,1.0374467372894287,0.4825667440891266,0.8349983096122742
872,1.0307517051696777,0.33771950006484985,0.0035511308815330267
873,0.8040359020233154,0.3118897080421448,0.9425092339515686
874,1.0359306335449219,0.6341919302940369,0.12622417509555817
875,0.7885468602180481,0.5404727458953857,0.7914711833000183
876,1.2074744701385498,0.4072950482368469,0.6795053482055664
877,0.009391077794134617,0.3978966176509857,1.0347082614898682
878,0.7237570881843567,0.7488166093826294,0.7499448657035828
879,1.0438896417617798,0.6738526225090027,1.4696078324050177e-05
880,1.483968734741211,0.5341041088104248,0.537325382232666
881,0.9987602829933167,0.5566361546516418,0.5532517433166504
882,0.7466989159584045,0.5765076279640198,0.8116512298583984
883,1.3479366302490234,0.08616577088832855,0.6313933730125427
884,0.7192581295967102,0.0016653999919071794,3.5784764289855957
885,0.19818881154060364,0.9858383536338806,0.008156299591064453
886,0.0030071113724261522,0.402405321598053,2.4612104892730713
887,1.2166386842727661,0.11088252812623978,0.012342436239123344
888,0.7776052951812744,0.6857495307922363,0.15882237255573273
889,0.6929501891136169,0.0012665711110457778,3.7472105026245117
890,0.42033496499061584,0.8700633645057678,0.7701776623725891
891,0.6038912534713745,0.6523289680480957,0.8327392339706421
892,0.4718709886074066,0.5956770777702332,1.4736785888671875
893,1.283746600151062,0.697226345539093,0.3796958029270172
894,0.7546185851097107,0.5937525033950806,0.5222851037979126
895,0.0816870927810669,0.5532805323600769,0.7819257378578186
896,0.9065580368041992,0.5845460295677185,0.021287951618433
897,0.627110481262207,0.38132548332214355,0.7868075370788574
898,0.6599543690681458,0.31258612871170044,0.9091161489486694
899,0.3569801449775696,0.3300427496433258,1.0272268056869507
900,0.721315860748291,0.08161336183547974,1.404707670211792
901,0.9852294921875,0.07797731459140778,0.6456468105316162
902,0.002152814529836178,1.0018056631088257,0.21970178186893463
903,0.6021748185157776,0.45703381299972534,0.17503145337104797
904,0.28431767225265503,0.5463442206382751,0.6455774307250977
905,0.6328898072242737,0.4539377689361572,0.8335494995117188
906,0.21756961941719055,0.6458063125610352,0.6357947587966919
907,0.7529885172843933,0.7090919017791748,0.8102913498878479
908,0.8633411526679993,0.8278506994247437,0.00588078610599041
909,0.9140137434005737,0.45889660716056824,0.8295969367027283
910,0.42118045687675476,0.5873693227767944,1.113126516342163
911,0.5372380614280701,0.7795736193656921,0.8292874693870544
912,0.8216000199317932,0.6546156406402588,0.2771020531654358
913,0.0045367274433374405,0.571492612361908,0.0015872063813731074
914,0.552958607673645,0.5213775038719177,0.8020343780517578
915,0.6012938022613525,0.5316098928451538,0.7948567867279053
916,0.00440251687541604,0.6629852652549744,0.5879385471343994
917,0.7510941624641418,0.45671799778938293,0.731873631477356
918,0.9963090419769287,0.21670468151569366,0.9062375426292419
919,1.0764378203020897e-05,0.7279861569404602,1.0178531408309937
920,0.9799856543540955,0.5691576600074768,0.05944977328181267
921,0.1917130947113037,0.5738993287086487,1.2549004554748535
922,1.3142766952514648,0.3782559037208557,0.2881622612476349
923,0.8439373970031738,0.2813672423362732,0.964000940322876
924,0.0559849850833416,0.7288026213645935,1.0218032598495483
925,5.087774115963839e-05,0.5557767152786255,1.1931681632995605
926,0.9659018516540527,0.5413177609443665,0.011507034301757812
927,0.09625798463821411,0.00021934241522103548,4.769672393798828
928,0.0007084300159476697,0.8747178316116333,0.9636878371238708
929,0.0009656949550844729,0.5329224467277527,0.4747857451438904
930,3.547830581665039,0.0008388452115468681,0.14831839501857758
931,2.526278018951416,0.06010187789797783,0.00010565894626779482
932,0.5488249659538269,0.5410670638084412,0.7313894033432007
933,0.5800802707672119,0.4824298024177551,0.7372140884399414
934,0.0012858838308602571,0.5782321095466614,1.5919082164764404
935,0.7617074251174927,0.521926760673523,0.7990071773529053
936,0.8358480334281921,0.3337368965148926,0.8026247620582581
937,0.5606594085693359,0.35027530789375305,1.0279372930526733
938,1.9856828451156616,0.251346230506897,0.35553857684135437
939,0.0061115724965929985,0.8072991371154785,0.8920899033546448
940,1.2889169454574585,0.0011847509304061532,2.9607715606689453
941,0.5083687901496887,0.7046893239021301,0.9375080466270447
942,0.7470989227294922,0.4861287772655487,1.1829332113265991
943,0.0035428013652563095,1.0165410041809082,0.9888517260551453
944,0.9379475712776184,0.4604615569114685,0.43445900082588196
945,0.4375462830066681,0.0005837310454808176,3.5362794399261475
946,0.8413968682289124,0.2592426538467407,0.5678744316101074
947,0.6105866432189941,0.4570268988609314,0.8600837588310242
948,1.0800192740134662e-07,0.6900151371955872,1.1053850650787354
949,0.0011583971790969372,0.15983952581882477,3.6707303524017334
950,0.603154718875885,0.5041711926460266,0.7609689235687256
951,0.15024559199810028,0.7646682858467102,0.022561118006706238
952,0.011524979956448078,1.0767956972122192,0.0016881859628483653
953,0.06868994235992432,0.5852212905883789,1.2668031454086304
954,0.6771218180656433,0.8574809432029724,0.030772769823670387
955,1.3800201416015625,0.00024745642440393567,2.6335628032684326
956,1.233785629272461,0.40577688813209534,0.048177074640989304
957,0.001809844165109098,0.7299215793609619,0.6504785418510437
958,0.8386465907096863,0.4443698525428772,0.9121158719062805
959,1.0381455421447754,0.3856673538684845,1.6835153102874756
960,2.4361677169799805,0.4330134391784668,0.05507824942469597
961,0.5814992189407349,0.4899458885192871,0.7933450937271118
962,0.48976078629493713,0.6677883863449097,0.0003440426371525973
963,0.4692789316177368,0.23752447962760925,1.0974209308624268
964,0.37877917289733887,0.14716629683971405,2.155284881591797
965,1.2431391477584839,0.3183392882347107,0.36264318227767944
966,0.819488525390625,0.2708316445350647,1.4060337543487549
967,0.9631058573722839,0.37170857191085815,0.7009530663490295
968,0.46321234107017517,0.9069152474403381,0.19566944241523743
969,0.6442890763282776,0.40903589129447937,0.8681574463844299
970,0.8772095441818237,0.31326332688331604,1.0419076681137085
971,1.0225147008895874,0.3920958936214447,1.1363214254379272
972,1.0705063343048096,0.31626060605049133,0.6479486227035522
973,1.8748764991760254,0.04884548485279083,0.6381554007530212
974,0.8342004418373108,0.18667662143707275,0.905574381351471
975,2.2670366764068604,0.10914626717567444,0.004198824986815453
976,1.9451651573181152,0.0015528989024460316,0.65232914686203
977,0.8319997191429138,0.4352421164512634,0.33008453249931335
978,0.46631261706352234,0.6761194467544556,0.8512873649597168
979,1.4086506366729736,0.18521718680858612,0.4966108500957489
980,0.17904260754585266,0.957741379737854,0.38925474882125854
981,0.4080680310726166,0.6605659127235413,0.00839975941926241
982,0.9281065464019775,0.4959048926830292,0.8644958734512329
983,1.8985997438430786,0.16899089515209198,0.00089138129260391
984,3.045119524002075,0.01689562201499939,0.03810860589146614
985,1.5262516736984253,0.515442430973053,0.0012896715197712183
986,0.024209946393966675,0.8008871674537659,0.2112499177455902
987,0.058709803968667984,1.0231369733810425,0.04830874875187874
988,0.38551318645477295,0.19015423953533173,3.9664998054504395
989,0.0026293459814041853,0.9544143080711365,0.19425621628761292
990,3.5959954261779785,0.00027492933440953493,0.05932655930519104
991,0.625013530254364,0.6759273409843445,0.04784233495593071
992,0.0016468710964545608,0.00595867307856679,2.2882018089294434
993,0.39587995409965515,0.7247916460037231,1.087775707244873
994,0.5467010736465454,0.0032644332386553288,3.173705816268921
995,1.1611496210098267,0.4443237781524658,0.0002661447215359658
996,1.3325061798095703,0.0001645503070903942,2.5688490867614746
997,0.6004478335380554,0.2968752384185791,0.7908495664596558
998,2.1917264461517334,0.4092288613319397,0.13765907287597656
999,1.2520636320114136,0.0015654865419492126,2.056288003921509
1000,0.0017172342631965876,0.8154070973396301,0.24923083186149597
1001,0.0033933373633772135,0.0318552628159523,2.1549720764160156
1002,0.892377495765686,0.16753900051116943,0.6410582661628723
1003,1.2080491781234741,0.3521142303943634,0.5268206596374512
1004,0.7240248918533325,0.7191849946975708,0.000882457650732249
1005,0.8879838585853577,0.14098314940929413,0.7571696639060974
1006,0.5507004261016846,0.5656723976135254,1.7712616920471191
1007,0.07086211442947388,0.2545861303806305,2.9649014472961426
1008,0.03327653557062149,0.7071655988693237,0.48177438974380493
1009,0.0003496466379147023,0.5855284929275513,0.5542853474617004
1010,0.8117344379425049,0.1770676225423813,1.6126015186309814
1011,1.0357404947280884,0.4953020215034485,0.0006193214212544262
1012,0.5609835386276245,0.7169554829597473,0.03831014782190323
1013,0.013011503033339977,0.6694135069847107,0.12383842468261719
1014,0.44734683632850647,0.5552322864532471,0.5361337661743164
1015,0.5023225545883179,0.4726616442203522,0.5198647379875183
1016,0.3668902814388275,0.5270207524299622,0.9945393800735474
1017,0.3773048520088196,0.4240069091320038,0.9386870861053467
1018,0.9750362038612366,0.5525427460670471,0.42265623807907104
1019,3.588189125061035,0.0010486508253961802,0.12444736063480377
1020,0.0001387103257002309,0.785561740398407,1.18890380859375
1021,1.1747063398361206,0.3745075762271881,0.947602391242981
1022,0.30295050144195557,0.6286939978599548,1.1183428764343262
1023,0.16245582699775696,0.5996838808059692,1.3255259990692139
1024,0.0021226173266768456,0.35627731680870056,1.2851909399032593
1025,0.731299877166748,0.8991004228591919,0.09044793993234634
1026,0.8869753479957581,0.43332046270370483,0.6711669564247131
1027,3.715425968170166,0.00019089254783466458,0.2673909068107605
1028,0.000703753437846899,0.5406285524368286,0.5743606090545654
1029,0.3774168789386749,0.6003838181495667,1.948024868965149
1030,1.0524940490722656,0.001426876988261938,4.034873008728027
1031,0.6227688789367676,0.4377618730068207,0.9753673672676086
1032,0.9348424077033997,0.845962405204773,0.002068296540528536
1033,0.000634297844953835,0.7307625412940979,1.8601218461990356
1034,1.073941946029663,0.4308890402317047,0.0025101262144744396
1035,0.5671694278717041,0.8898390531539917,0.059175215661525726
1036,1.0648730993270874,0.5652413368225098,0.6565173864364624
1037,0.0003516643773764372,0.6780261397361755,1.4932644367218018
1038,0.0015391174238175154,0.5529299974441528,0.48052340745925903
1039,0.7531802654266357,0.4742785692214966,0.38229700922966003
1040,0.7771859169006348,0.25982439517974854,0.8341543674468994
1041,1.3296340703964233,0.5723704099655151,0.6898171901702881
1042,0.017008673399686813,0.8460478782653809,0.973006546497345
1043,1.0131957530975342,0.38716259598731995,1.3246365785598755
1044,0.5969329476356506,0.831567645072937,0.7289609909057617
1045,0.003785276087000966,0.9892922043800354,1.120301604270935
1046,0.760316014289856,0.3177960216999054,0.9311128258705139
1047,0.00538624357432127,0.8331242203712463,0.039121463894844055
1048,2.2074999809265137,0.0005824032705277205,0.3189023435115814
1049,0.12649916112422943,0.6369568705558777,1.0664829015731812
1050,0.18682760000228882,0.5459708571434021,0.6774309277534485
1051,0.0011285990476608276,0.49971458315849304,0.9904139041900635
1052,0.034052103757858276,0.00025364389875903726,3.6558918952941895
1053,0.6652588844299316,0.4996216297149658,0.7750526070594788
1054,0.0008050660253502429,0.38661742210388184,1.6386538743972778
1055,1.2135597467422485,0.2061578929424286,0.304624080657959
1056,0.5161493420600891,0.427791029214859,0.6044273972511292
1057,0.5213868618011475,0.4729825556278229,1.1005134582519531
1058,0.7726406455039978,0.5295026898384094,0.5224725604057312
1059,0.5753408074378967,0.7216170430183411,0.9978110790252686
1060,0.694510817527771,0.5490804314613342,0.668045699596405
1061,0.5894780158996582,0.6367074847221375,0.8031280040740967
1062,0.40811118483543396,0.6168980002403259,0.841266393661499
1063,0.6151002645492554,0.7544164061546326,0.45140257477760315
1064,0.010061084292829037,0.8312522768974304,0.08313486725091934
1065,0.43875864148139954,0.29938799142837524,0.9363148808479309
1066,0.26092448830604553,0.0004457119503058493,4.4250874519348145
1067,0.2658798098564148,0.6324542760848999,0.9985555410385132
1068,0.7485346794128418,0.453514963388443,0.0008396988268941641
1069,0.640200674533844,0.7214865684509277,0.05887562409043312
1070,0.004259095527231693,0.9658325910568237,0.8617458343505859
1071,1.6011457443237305,0.15590324997901917,0.6235039234161377
1072,0.9627337455749512,0.620591402053833,0.0003724976268131286
1073,0.37883657217025757,1.0162495374679565,0.14308743178844452
1074,0.0035144879948347807,0.003438236191868782,4.140714645385742
1075,0.3003276288509369,0.6565549969673157,0.9274811744689941
1076,0.9498330354690552,0.43054381012916565,0.48327162861824036
1077,1.0727494955062866,0.012181192636489868,1.0454901456832886
1078,0.4916711449623108,0.5048114061355591,0.7964950203895569
1079,2.2323663234710693,0.004618884529918432,1.2961387634277344
1080,0.003542098915204406,0.5275656580924988,0.9467833638191223
1081,0.6989690065383911,0.21077074110507965,0.7574453353881836
1082,0.6273006796836853,0.5017261505126953,0.6567549705505371
1083,0.8548049330711365,0.14007505774497986,0.8862345814704895
1084,0.5001220703125,0.5252543091773987,0.5962882041931152
1085,1.006520390510559,0.5925090312957764,0.034271445125341415
1086,0.11581951379776001,0.016598224639892578,3.8884365558624268
1087,0.4229280352592468,0.8052920699119568,0.17181499302387238
1088,1.0659592151641846,0.21920953691005707,0.7442312836647034
1089,0.6274425983428955,0.6245200037956238,0.6719912886619568
1090,0.7497433423995972,0.5170994400978088,0.8692177534103394
1091,0.012900266796350479,1.0052497386932373,0.002819424495100975
1092,0.6187275052070618,0.6768678426742554,0.9564192891120911
1093,0.49858203530311584,0.760782778263092,0.9964184165000916
1094,0.8412095308303833,0.5479926466941833,0.969021737575531
1095,0.3699149191379547,0.7969592213630676,0.017881004139780998
1096,0.00023123242135625333,0.9180763959884644,0.23159007728099823
1097,2.5794482231140137,0.0769001767039299,0.1575317233800888
1098,0.5546725988388062,0.38717448711395264,0.9723066687583923
1099,0.33032387495040894,0.72160804271698,0.6318261027336121
1100,0.1794622391462326,0.5034492015838623,0.9855359792709351
1101,0.5158998370170593,0.24898706376552582,1.1331614255905151
1102,0.9380554556846619,0.39239072799682617,0.3643603026866913
1103,2.0999789237976074,0.002017404418438673,1.7271881103515625
1104,0.8249499797821045,0.3548494875431061,0.552676796913147
1105,2.5160210132598877,0.035451751202344894,0.37725692987442017
1106,0.3223245441913605,0.4864281117916107,1.3362555503845215
1107,0.02138013392686844,0.7515259981155396,0.8014283776283264
1108,0.056969936937093735,0.5064752101898193,0.8561237454414368
1109,2.7136356830596924,0.0011838986538350582,0.2739221453666687
1110,2.9486889839172363,0.014406745322048664,0.0915236547589302
1111,0.6472978591918945,1.2804880142211914,0.31241297721862793
1112,1.3406938314437866,0.49731627106666565,0.3380327820777893
1113,0.0005828820285387337,0.33014026284217834,1.9502699375152588
1114,0.0005268118111416698,0.4147072732448578,1.0466115474700928
1115,1.8234323263168335,0.019079769030213356,1.3987352848052979
1116,0.00010573097824817523,0.4964936077594757,1.458549976348877
1117,0.9655616879463196,0.14325298368930817,0.8940975069999695
1118,0.7160844206809998,0.6752644777297974,0.005658104550093412
1119,0.729293942451477,0.6538065671920776,0.8815227150917053
1120,0.0007595698698423803,0.8225758075714111,0.31456029415130615
1121,0.0005597810377366841,0.7340899705886841,1.1092579364776611
1122,0.022868353873491287,0.9741051197052002,0.39925312995910645
1123,0.005807060282677412,0.8381039500236511,0.8234957456588745
1124,0.27979591488838196,0.6826196312904358,0.7877012491226196
1125,1.0440260171890259,0.32522815465927124,0.3949816823005676
1126,0.8042641878128052,0.004381129052489996,1.9837154150009155
1127,0.0008009183220565319,0.3823888301849365,0.8975469470024109
1128,3.1178059577941895,0.0015266576083377004,0.04721739515662193
1129,0.3158097267150879,0.29172828793525696,1.886018991470337
1130,0.0856688916683197,0.8906711339950562,0.025929538533091545
1131,0.7776371240615845,0.7111456990242004,0.590484082698822
1132,1.4388045072555542,0.10494140535593033,0.5825001001358032
1133,1.5360606908798218,0.37037259340286255,0.001297165174037218
1134,0.6125491857528687,0.4255479574203491,0.9909688234329224
1135,0.39939841628074646,0.5727644562721252,1.163670301437378
1136,0.9714071154594421,0.24323232471942902,0.7595438957214355
1137,0.9144929647445679,0.2872036099433899,0.7323437929153442
1138,0.00114304234739393,0.5524605512619019,1.6601252555847168
1139,2.8264894485473633,0.006084402557462454,0.18844722211360931
1140,0.8649183511734009,0.44823864102363586,0.9373672008514404
1141,0.7019203901290894,0.2900581657886505,0.8811350464820862
1142,2.836297035217285,0.2469290941953659,6.352605123538524e-05
1143,6.779591058148071e-05,0.10995299369096756,2.7684743404388428
1144,2.1653788089752197,0.014547840692102909,0.023180071264505386
1145,0.20380571484565735,0.7264574766159058,0.7836616039276123
1146,0.5918204188346863,0.6401138305664062,0.054892074316740036
1147,8.590015204390511e-05,0.25566765666007996,3.0823962688446045
1148,0.858026921749115,0.27976706624031067,0.0009035273105837405
1149,2.8148467540740967,0.004937597084790468,0.27306273579597473
1150,0.00479667354375124,0.0005381845403462648,4.726693153381348
1151,0.0026712696999311447,0.9534454345703125,0.3656685948371887
1152,0.5541524291038513,0.37832340598106384,0.0020583258010447025
1153,0.04726797342300415,0.22872376441955566,0.9482002854347229
1154,0.2505420744419098,0.6744914054870605,0.570779025554657
1155,0.6814337968826294,0.7678498029708862,0.03729381412267685
1156,1.159387469291687,0.006536910310387611,0.7343588471412659
1157,0.8810403943061829,0.36313560605049133,0.5745407938957214
1158,2.238687515258789,0.38763487339019775,0.01709509640932083
1159,0.021681034937500954,0.46973827481269836,0.9811399579048157
1160,0.14923299849033356,0.5444768071174622,0.4595433473587036
1161,1.151757001876831,0.07250384241342545,0.44613903760910034
1162,0.7754721641540527,0.5634670257568359,0.5588166117668152
1163,0.006507881451398134,0.5434864163398743,1.2336747646331787
1164,0.7437201142311096,0.36162179708480835,0.0031497760210186243
1165,0.7518242001533508,0.5036267638206482,0.00015761461690999568
1166,1.0227622985839844,0.34333112835884094,0.5231205224990845
1167,0.9361714720726013,0.4162980616092682,0.005641119088977575
1168,0.24420985579490662,0.5299956202507019,1.3582864999771118
1169,1.2555499076843262,0.34154289960861206,0.556414008140564
1170,0.7403725385665894,0.3422114849090576,1.2247250080108643
1171,0.5262135863304138,0.5784942507743835,1.4304838180541992
1172,1.1138612031936646,0.48515012860298157,0.0008959242259152234
1173,0.7971019744873047,0.6918708086013794,0.6212278008460999
1174,0.8611491322517395,0.45461517572402954,0.7287290096282959
1175,0.6062982082366943,0.4671872556209564,0.000719226140063256
1176,1.927278995513916,0.10399500280618668,0.5512972474098206
1177,0.18665696680545807,0.6241995096206665,0.922347903251648
1178,3.5408143997192383,0.002367811743170023,0.12048393487930298
1179,0.35850244760513306,0.8881452083587646,0.0016367104835808277
1180,1.113793134689331,0.0018530333181843162,1.0781067609786987
1181,0.025222690775990486,0.9859413504600525,0.5987632274627686
1182,0.37994450330734253,0.5730553269386292,0.9242018461227417
1183,0.5685190558433533,0.8929259777069092,0.7825403213500977
1184,0.5660127401351929,0.5956674218177795,1.0286750793457031
1185,0.002315049059689045,0.8016453981399536,0.8850970268249512
1186,1.2044894695281982,0.04942064732313156,1.7285609245300293
1187,0.009219396859407425,0.7136998772621155,0.7539708018302917
1188,0.770037055015564,0.43867793679237366,1.012250542640686
1189,0.8789244294166565,0.3388616144657135,0.8265925645828247
1190,1.0132817029953003,0.1710880696773529,0.00029855387401767075
1191,1.3966792821884155,0.25798299908638,0.8789536952972412
1192,0.982494592666626,0.31427234411239624,0.691204309463501
1193,0.7618124485015869,0.7484176158905029,0.6861698627471924
1194,0.5250392556190491,0.6166050434112549,0.9512979984283447
1195,3.9666030406951904,0.0020092420745640993,0.05828707665205002
1196,0.7930092215538025,0.6307238936424255,0.9057384133338928
1197,0.00011595145042520016,0.7292907238006592,0.8369218111038208
1198,1.1503324508666992,0.4463334381580353,0.03345000371336937
1199,8.848957804730162e-05,0.4899066388607025,1.0939490795135498
1200,2.864905595779419,0.0006561106420122087,0.05598527193069458
1201,2.097992420196533,0.17614687979221344,8.656211866764352e-05
1202,0.00014550100604537874,0.04112324118614197,2.3551058769226074
1203,6.190942076500505e-05,0.7300508618354797,0.3001171052455902
1204,0.9300433397293091,0.5341978669166565,0.0002524700539652258
1205,0.9389544725418091,0.16373439133167267,1.5064752101898193
1206,0.48116201162338257,0.4292162358760834,0.03404497355222702
1207,0.8985660076141357,0.27842095494270325,0.7913612723350525
1208,0.6689012050628662,0.6005791425704956,0.1745239645242691
1209,1.068243145942688,0.5075516700744629,0.002977597527205944
1210,0.9543427228927612,0.6301626563072205,0.6657159328460693
1211,0.3885969817638397,0.608535885810852,0.590781569480896
1212,3.4840638637542725,0.0012837472604587674,0.29074627161026
1213,1.5162876844406128,0.5314230918884277,0.0011337327305227518
1214,0.7262704968452454,0.5381515026092529,0.8015184998512268
1215,1.1937837600708008,0.4428216814994812,0.6278444528579712
1216,0.7136796712875366,0.2179858237504959,0.0009071934618987143
1217,0.44498971104621887,0.8656725287437439,0.009258829988539219
1218,2.302805185317993,0.36655351519584656,0.00037178618367761374
1219,2.120851993560791,0.0,0.45271730422973633
1220,0.005498544313013554,0.5454621911048889,1.4913121461868286
1221,0.7058441042900085,0.5489106774330139,0.636493444442749
1222,0.454934298992157,0.589699923992157,0.8001000881195068
1223,0.9737377762794495,0.3669135272502899,0.8039448261260986
1224,0.5989042520523071,0.46983054280281067,1.2119910717010498
1225,0.06710443645715714,0.5856741070747375,1.030078411102295
1226,0.4938531219959259,0.45523500442504883,0.8623051047325134
1227,0.701720118522644,0.5497235655784607,1.0019402503967285
1228,0.0034261413384228945,0.6621924042701721,0.35898324847221375
1229,0.6452553272247314,0.6949656009674072,0.5212656855583191
1230,0.49343693256378174,0.5948476791381836,0.6393941640853882
1231,0.5099221467971802,0.0013935294700786471,4.24005126953125
1232,1.0600316524505615,0.03156265243887901,0.44435250759124756
1233,0.2939324975013733,0.686811089515686,0.9289284348487854
1234,1.584733009338379,0.3536171615123749,0.0016771169612184167
1235,0.6304014325141907,0.363694429397583,1.0634777545928955
1236,1.998778223991394,0.11925780028104782,0.5068573355674744
1237,0.10341852158308029,0.5391343235969543,0.9847782254219055
1238,0.3837807774543762,0.8632296919822693,0.2790762782096863
1239,0.0634862557053566,0.7442460060119629,0.4490150511264801
1240,0.7898121476173401,0.6371992826461792,0.01756892167031765
1241,0.4004298150539398,0.8579289317131042,0.42383691668510437
1242,0.8420147895812988,0.497137188911438,0.8030850291252136
1243,0.05687519162893295,0.368720144033432,1.0799574851989746
1244,0.7956114411354065,0.7238126993179321,0.8036144971847534
1245,0.47393956780433655,0.1408677101135254,3.4911293983459473
1246,0.0003550921392161399,0.9432993531227112,0.9334267973899841
1247,0.02541014924645424,0.7479805946350098,0.9560759663581848
1248,0.023859376087784767,0.6313599944114685,0.9115248918533325
1249,0.504920482635498,0.7047315835952759,0.019099632278084755
1250,0.7523078322410583,0.6929721236228943,6.019415650371229e-06
1251,0.5543719530105591,0.6807942390441895,0.23020939528942108
1252,0.20657406747341156,0.7365710735321045,0.2929583191871643
1253,0.015219652093946934,0.6757359504699707,0.9446962475776672
1254,0.8849090337753296,0.23982681334018707,0.9411188364028931
1255,0.9641204476356506,0.27802523970603943,0.7523143887519836
1256,0.8665136694908142,0.5307652354240417,0.5637874603271484
1257,0.6499584913253784,0.5758668184280396,0.7768716812133789
1258,0.7821722626686096,0.2499428689479828,0.8071476817131042
1259,0.613377571105957,0.7134438753128052,0.0017765461234375834
1260,0.9487457275390625,0.006692844908684492,1.7294316291809082
1261,0.001219572382979095,0.7935590147972107,0.7799975872039795
1262,3.3957276344299316,0.04600111022591591,1.4504774808883667
1263,0.7519480586051941,0.7116059064865112,0.7159435153007507
1264,0.0006229762802831829,0.8417588472366333,0.18894211947917938
1265,0.0010764754842966795,0.24696645140647888,2.5069243907928467
1266,2.7774243354797363,0.0013340689474716783,0.0010160943493247032
1267,1.0000481605529785,0.29509809613227844,0.3947407305240631
1268,0.017453769221901894,0.4325864315032959,0.915324866771698
1269,0.7363472580909729,0.6313688158988953,0.5308350920677185
1270,0.05134354904294014,0.6080987453460693,1.022004246711731
1271,0.6632040143013,0.49880313873291016,1.3474094867706299
1272,0.9334437847137451,0.3188791275024414,0.8980231881141663
1273,0.37882378697395325,0.665132462978363,0.39824438095092773
1274,0.6618760824203491,0.8222819566726685,0.4874657988548279
1275,1.7283729314804077,0.3080453872680664,0.07819773256778717
1276,0.3798685073852539,0.4959890842437744,0.5364120006561279
1277,0.4498109817504883,0.7499785423278809,1.6655434592394158e-05
1278,2.9146392345428467,0.00566456001251936,0.0005096644163131714
1279,0.40832269191741943,0.38343092799186707,0.770687997341156
1280,2.0965819358825684,0.24841202795505524,1.5082861864357255e-05
1281,0.7256160378456116,0.3650737404823303,1.520035982131958
1282,0.903523862361908,0.2645377218723297,0.713101327419281
1283,0.0005540870479308069,0.6784570217132568,1.032157063484192
1284,0.9169342517852783,0.36469295620918274,0.5091034173965454
1285,0.6952204704284668,0.5222107768058777,0.8963156342506409
1286,1.2315608263015747,0.2979844808578491,0.6787959337234497
1287,0.0066220881417393684,0.8859935998916626,0.21123363077640533
1288,0.076897032558918,0.688626229763031,1.0666085481643677
1289,0.7432522177696228,0.3797930181026459,0.8122909069061279
1290,2.6042637825012207,0.0012529394589364529,0.2674972116947174
1291,0.6144083738327026,0.9266718029975891,0.20202715694904327
1292,0.5263287425041199,0.5868621468544006,0.4131816327571869
1293,1.166318655014038,0.5590571165084839,0.7428231835365295
1294,1.1711876392364502,0.2070588916540146,0.5033991932868958
1295,0.8928335905075073,0.16004697978496552,0.0023054771590977907
1296,0.41915589570999146,0.6310921907424927,0.8599430322647095
1297,0.4296339452266693,0.8238232135772705,0.0011754948645830154
1298,0.48200932145118713,0.0012203807709738612,3.246663808822632
1299,0.00031277889502234757,0.9836278557777405,0.019357120618224144
1300,0.01021381001919508,0.5464264750480652,0.873956561088562
1301,0.3978210687637329,0.510876476764679,2.0855281352996826
1302,0.9391133785247803,0.5168957114219666,0.3195560872554779
1303,0.001807628432288766,0.47334644198417664,0.8155210018157959
1304,0.6366258859634399,0.13676252961158752,0.6171818375587463
1305,0.034957557916641235,0.6816445589065552,0.07011597603559494
1306,0.006776605267077684,0.7630518078804016,1.1923376321792603
1307,0.0,0.0026905257254838943,4.302179336547852
1308,0.9874067306518555,0.4963020980358124,0.004293371457606554
1309,0.23746418952941895,0.0022788976784795523,5.562361717224121
1310,0.4515012204647064,0.6484109163284302,0.36975133419036865
1311,0.1693078875541687,0.4965110719203949,1.1240506172180176
1312,0.2024560570716858,0.3147640824317932,1.046610713005066
1313,0.3199235796928406,0.5395042300224304,0.8725700974464417
1314,0.83245450258255,0.39240002632141113,0.5501804351806641
1315,0.5131426453590393,0.2859842777252197,1.3733223676681519
1316,0.516944944858551,0.2522389888763428,0.5650081634521484
1317,0.46429339051246643,0.5905280113220215,0.4560592770576477
1318,0.7123359441757202,0.39094385504722595,0.5334470868110657
1319,0.897851824760437,0.3803478479385376,0.7405836582183838
1320,1.977460503578186,0.21594533324241638,0.0001905297685880214
1321,0.3919004201889038,1.0080280303955078,0.00103282171767205
1322,0.9299895763397217,0.6176853179931641,0.7598413228988647
1323,0.9135563373565674,0.6010231375694275,0.433318555355072
1324,0.6961020827293396,0.5593278408050537,0.8351954817771912
1325,1.0315128564834595,0.4986876845359802,0.07880736887454987
1326,0.0029482804238796234,0.6405386924743652,0.7504313588142395
1327,0.9528374671936035,0.15886284410953522,0.8316199779510498
1328,0.198992058634758,0.7684546113014221,0.77195143699646
1329,0.892559826374054,0.6415374279022217,0.21570222079753876
1330,0.6571843028068542,0.7459923028945923,0.6529736518859863
1331,1.2978438138961792,0.05359688028693199,0.048012908548116684
1332,0.7380216121673584,0.5395464301109314,1.2291879653930664
1333,4.3395848479121923e-05,0.6654202938079834,1.1263154745101929
1334,0.743499755859375,0.5936484336853027,0.7590553164482117
1335,0.5675843954086304,0.665836751461029,0.7488805651664734
1336,0.7481479048728943,0.5843952298164368,0.8427994847297668
1337,0.9097304344177246,0.44729822874069214,0.0015010798815637827
1338,3.5482215881347656,0.0031833655666559935,0.004439227748662233
1339,0.0015665650134906173,0.8479958772659302,0.761278510093689
1340,2.046778678894043,0.23876821994781494,0.703161358833313
1341,0.05835575982928276,0.5358242392539978,0.16526244580745697
1342,0.010232934728264809,0.5341892242431641,1.3910887241363525
1343,2.9666223526000977,0.022364571690559387,0.0015179868787527084
1344,0.5945103168487549,0.8777306079864502,0.7605481743812561
1345,0.7421876192092896,0.542782187461853,0.8976588249206543
1346,1.2606748342514038,0.48379188776016235,0.7671612501144409
1347,0.5558731555938721,0.7790411114692688,0.770240306854248
1348,0.3222425580024719,0.4419860541820526,2.5248780250549316
1349,0.6588868498802185,0.5464845299720764,0.4314109981060028
1350,0.04282708466053009,0.36374232172966003,1.0578769445419312
1351,0.8733952045440674,0.5809010863304138,0.002046220703050494
1352,0.9486051201820374,0.40793317556381226,0.38036662340164185
1353,1.0092355012893677,0.3451228141784668,0.19754821062088013
1354,0.7748430371284485,0.14421586692333221,0.8878234028816223
1355,0.732718288898468,0.3804638087749481,0.050311774015426636
1356,0.0029371303971856833,0.6366811394691467,0.8339611291885376
1357,0.511812150478363,0.5173380970954895,0.2597808837890625
1358,0.6215215921401978,0.3575817048549652,0.6899605989456177
1359,1.7020596265792847,0.13407865166664124,0.2643306851387024
1360,0.48809945583343506,0.5014500617980957,0.9313611388206482
1361,0.8708016872406006,0.3863378167152405,0.7879499197006226
1362,0.005678340792655945,0.8419798612594604,0.9602653980255127
1363,0.7172192335128784,0.5883491635322571,0.9105771780014038
